PO_ID,OrderDate,ProductID,SupplierID,OrderedQty,ReceivedQty,DeliveryDate
PO0001,2026-10-04,P0029,S05,500,500,2026-10-12
PO0002,2025-04-23,P0006,S04,523,511,2025-05-07
PO0003,2024-10-05,P0003,S01,213,191,2024-10-12
PO0004,2025-05-04,P0002,S05,557,543,2025-05-12
PO0005,2026-10-23,P0011,S04,357,340,2026-11-06
PO0006,2025-10-07,P0038,S05,481,469,2025-10-15
PO0007,2024-05-14,P0004,S05,111,108,2024-05-22
PO0008,2026-10-02,P0002,S05,590,586,2026-10-10
PO0009,2026-09-06,P0010,S03,569,551,2026-09-11
PO0010,2026-05-16,P0012,S01,109,107,2026-05-23
PO0011,2024-07-22,P0003,S01,242,237,2024-07-29
PO0012,2024-01-27,P0024,S01,360,358,2024-02-03
PO0013,2026-06-22,P0007,S05,383,365,2026-06-30
PO0014,2026-03-18,P0037,S03,154,146,2026-03-23
PO0015,2026-05-24,P0003,S01,296,282,2026-05-31
PO0016,2025-12-04,P0028,S01,303,287,2025-12-11
PO0017,2024-08-30,P0032,S02,330,325,2024-09-09
PO0018,2024-05-09,P0050,S01,309,295,2024-05-16
PO0019,2026-02-03,P0017,S02,414,398,2026-02-13
PO0020,2026-07-04,P0012,S01,283,282,2026-07-11
PO0021,2026-04-30,P0027,S04,264,249,2026-05-14
PO0022,2025-12-21,P0045,S04,239,231,2026-01-04
PO0023,2026-07-10,P0004,S05,187,174,2026-07-18
PO0024,2026-04-11,P0005,S05,281,280,2026-04-19
PO0025,2026-03-23,P0026,S02,273,271,2026-04-02
PO0026,2025-05-19,P0048,S01,334,309,2025-05-26
PO0027,2025-12-28,P0048,S01,459,436,2026-01-04
PO0028,2025-07-16,P0033,S02,260,241,2025-07-26
PO0029,2024-03-04,P0045,S04,582,557,2024-03-18
PO0030,2025-08-01,P0022,S01,111,93,2025-08-08
PO0031,2024-03-01,P0012,S01,193,183,2024-03-08
PO0032,2025-09-29,P0049,S04,215,211,2025-10-13
PO0033,2024-09-15,P0041,S02,513,506,2024-09-25
PO0034,2026-10-06,P0025,S05,579,558,2026-10-14
PO0035,2026-09-27,P0008,S01,369,350,2026-10-04
PO0036,2024-03-09,P0021,S02,477,470,2024-03-19
PO0037,2024-03-30,P0038,S05,117,102,2024-04-07
PO0038,2026-05-11,P0012,S01,208,200,2026-05-18
PO0039,2025-05-31,P0002,S05,538,518,2025-06-08
PO0040,2026-12-02,P0027,S04,434,425,2026-12-16
PO0041,2026-12-03,P0027,S04,353,349,2026-12-17
PO0042,2026-11-23,P0030,S01,199,195,2026-11-30
PO0043,2024-06-14,P0025,S05,166,148,2024-06-22
PO0044,2026-01-30,P0029,S05,246,242,2026-02-07
PO0045,2024-01-15,P0039,S05,265,252,2024-01-23
PO0046,2025-01-18,P0001,S05,278,276,2025-01-26
PO0047,2024-06-27,P0039,S05,381,359,2024-07-05
PO0048,2026-07-06,P0034,S04,453,445,2026-07-20
PO0049,2025-12-03,P0045,S04,499,482,2025-12-17
PO0050,2024-08-20,P0001,S05,195,189,2024-08-28
PO0051,2026-08-16,P0037,S03,389,375,2026-08-21
PO0052,2026-07-04,P0050,S01,174,153,2026-07-11
PO0053,2026-01-04,P0041,S02,294,281,2026-01-14
PO0054,2026-02-17,P0011,S04,322,298,2026-03-03
PO0055,2025-07-22,P0048,S01,284,265,2025-07-29
PO0056,2026-07-18,P0037,S03,109,101,2026-07-23
PO0057,2026-05-17,P0001,S05,556,544,2026-05-25
PO0058,2025-10-05,P0033,S02,424,408,2025-10-15
PO0059,2026-07-06,P0005,S05,297,276,2026-07-14
PO0060,2026-02-21,P0046,S05,217,198,2026-03-01
PO0061,2026-09-27,P0018,S01,473,471,2026-10-04
PO0062,2025-11-17,P0011,S04,418,401,2025-12-01
PO0063,2026-01-25,P0026,S02,212,189,2026-02-04
PO0064,2024-06-18,P0046,S05,114,111,2024-06-26
PO0065,2026-03-14,P0004,S05,494,479,2026-03-22
PO0066,2025-02-03,P0044,S05,262,258,2025-02-11
PO0067,2026-08-31,P0045,S04,553,540,2026-09-14
PO0068,2024-07-20,P0012,S01,361,336,2024-07-27
PO0069,2024-05-17,P0014,S05,502,491,2024-05-25
PO0070,2026-06-06,P0023,S05,525,521,2026-06-14
PO0071,2025-06-16,P0007,S05,597,596,2025-06-24
PO0072,2025-03-25,P0041,S02,518,493,2025-04-04
PO0073,2025-01-24,P0010,S03,221,212,2025-01-29
PO0074,2026-12-24,P0031,S01,415,402,2026-12-31
PO0075,2025-11-16,P0018,S01,373,371,2025-11-23
PO0076,2025-01-12,P0041,S02,168,146,2025-01-22
PO0077,2025-05-22,P0006,S04,191,180,2025-06-05
PO0078,2026-12-10,P0028,S01,223,210,2026-12-17
PO0079,2026-11-24,P0035,S02,467,452,2026-12-04
PO0080,2026-11-21,P0036,S01,233,220,2026-11-28
PO0081,2025-10-23,P0009,S02,504,490,2025-11-02
PO0082,2025-06-22,P0041,S02,497,480,2025-07-02
PO0083,2026-03-23,P0026,S02,140,129,2026-04-02
PO0084,2025-04-21,P0029,S05,310,287,2025-04-29
PO0085,2026-09-04,P0009,S02,284,272,2026-09-14
PO0086,2024-07-09,P0005,S05,433,427,2024-07-17
PO0087,2025-05-19,P0030,S01,303,303,2025-05-26
PO0088,2026-07-13,P0028,S01,431,406,2026-07-20
PO0089,2025-03-21,P0021,S02,256,252,2025-03-31
PO0090,2026-09-21,P0013,S01,529,520,2026-09-28
PO0091,2026-08-04,P0044,S05,400,394,2026-08-12
PO0092,2025-11-24,P0002,S05,211,193,2025-12-02
PO0093,2025-03-27,P0004,S05,141,121,2025-04-04
PO0094,2024-02-28,P0032,S02,586,577,2024-03-09
PO0095,2025-10-03,P0033,S02,261,239,2025-10-13
PO0096,2024-02-25,P0039,S05,300,299,2024-03-04
PO0097,2024-03-24,P0014,S05,344,328,2024-04-01
PO0098,2026-06-11,P0017,S02,181,173,2026-06-21
PO0099,2025-05-09,P0043,S04,171,161,2025-05-23
PO0100,2025-02-27,P0041,S02,511,490,2025-03-09
PO0101,2026-06-07,P0027,S04,275,262,2026-06-21
PO0102,2025-02-08,P0050,S01,478,465,2025-02-15
PO0103,2024-07-23,P0027,S04,338,332,2024-08-06
PO0104,2026-06-14,P0042,S02,157,135,2026-06-24
PO0105,2025-03-14,P0030,S01,505,489,2025-03-21
PO0106,2024-12-08,P0002,S05,558,543,2024-12-16
PO0107,2026-08-29,P0033,S02,413,413,2026-09-08
PO0108,2025-09-21,P0001,S05,331,325,2025-09-29
PO0109,2025-09-08,P0041,S02,585,571,2025-09-18
PO0110,2024-07-31,P0022,S01,371,365,2024-08-07
PO0111,2025-03-28,P0041,S02,230,214,2025-04-07
PO0112,2026-07-14,P0034,S04,163,159,2026-07-28
PO0113,2026-08-25,P0018,S01,404,385,2026-09-01
PO0114,2024-06-16,P0004,S05,441,436,2024-06-24
PO0115,2024-02-13,P0002,S05,118,113,2024-02-21
PO0116,2026-03-21,P0034,S04,193,177,2026-04-04
PO0117,2025-03-06,P0033,S02,407,405,2025-03-16
PO0118,2026-03-06,P0038,S05,533,515,2026-03-14
PO0119,2024-08-12,P0049,S04,530,524,2024-08-26
PO0120,2025-09-06,P0033,S02,385,377,2025-09-16
PO0121,2026-10-06,P0012,S01,407,404,2026-10-13
PO0122,2026-12-11,P0048,S01,357,342,2026-12-18
PO0123,2025-06-02,P0016,S05,320,309,2025-06-10
PO0124,2024-02-14,P0031,S01,598,581,2024-02-21
PO0125,2025-05-09,P0037,S03,122,111,2025-05-14
PO0126,2024-06-23,P0019,S03,536,515,2024-06-28
PO0127,2026-10-29,P0013,S01,180,168,2026-11-05
PO0128,2024-02-03,P0008,S01,145,122,2024-02-10
PO0129,2025-07-31,P0024,S01,289,278,2025-08-07
PO0130,2025-05-09,P0014,S05,198,198,2025-05-17
PO0131,2024-06-23,P0033,S02,181,165,2024-07-03
PO0132,2026-09-17,P0030,S01,443,441,2026-09-24
PO0133,2026-03-13,P0044,S05,387,383,2026-03-21
PO0134,2026-01-19,P0018,S01,186,176,2026-01-26
PO0135,2025-05-13,P0017,S02,351,348,2025-05-23
PO0136,2025-05-19,P0012,S01,460,439,2025-05-26
PO0137,2024-07-01,P0041,S02,422,399,2024-07-11
PO0138,2026-09-19,P0034,S04,545,544,2026-10-03
PO0139,2024-07-30,P0021,S02,381,361,2024-08-09
PO0140,2025-09-24,P0029,S05,277,254,2025-10-02
PO0141,2025-09-18,P0002,S05,369,356,2025-09-26
PO0142,2026-04-20,P0010,S03,157,153,2026-04-25
PO0143,2024-10-28,P0015,S03,143,120,2024-11-02
PO0144,2026-09-14,P0018,S01,132,130,2026-09-21
PO0145,2026-01-28,P0039,S05,109,86,2026-02-05
PO0146,2026-12-10,P0017,S02,520,514,2026-12-20
PO0147,2024-08-10,P0038,S05,362,355,2024-08-18
PO0148,2026-05-03,P0032,S02,292,288,2026-05-13
PO0149,2026-08-26,P0018,S01,168,155,2026-09-02
PO0150,2024-11-20,P0039,S05,228,220,2024-11-28
PO0151,2024-10-07,P0041,S02,417,402,2024-10-17
PO0152,2024-09-14,P0041,S02,329,307,2024-09-24
PO0153,2026-01-05,P0010,S03,598,588,2026-01-10
PO0154,2024-03-07,P0003,S01,441,430,2024-03-14
PO0155,2024-12-03,P0002,S05,255,237,2024-12-11
PO0156,2024-11-09,P0005,S05,135,133,2024-11-17
PO0157,2025-01-04,P0020,S05,426,401,2025-01-12
PO0158,2026-07-30,P0002,S05,283,263,2026-08-07
PO0159,2024-12-31,P0046,S05,358,340,2025-01-08
PO0160,2024-01-20,P0040,S02,487,462,2024-01-30
PO0161,2025-12-10,P0024,S01,383,369,2025-12-17
PO0162,2025-05-04,P0041,S02,100,90,2025-05-14
PO0163,2025-07-17,P0046,S05,398,382,2025-07-25
PO0164,2024-04-10,P0001,S05,394,388,2024-04-18
PO0165,2025-08-04,P0021,S02,178,158,2025-08-14
PO0166,2024-08-28,P0024,S01,249,232,2024-09-04
PO0167,2025-04-23,P0008,S01,249,244,2025-04-30
PO0168,2026-02-14,P0005,S05,556,550,2026-02-22
PO0169,2025-03-25,P0026,S02,109,102,2025-04-04
PO0170,2026-12-17,P0042,S02,247,234,2026-12-27
PO0171,2025-11-05,P0046,S05,525,509,2025-11-13
PO0172,2025-03-13,P0037,S03,368,352,2025-03-18
PO0173,2024-04-16,P0048,S01,553,540,2024-04-23
PO0174,2024-05-21,P0001,S05,153,137,2024-05-29
PO0175,2025-05-15,P0049,S04,258,243,2025-05-29
PO0176,2024-01-06,P0024,S01,229,214,2024-01-13
PO0177,2026-10-19,P0024,S01,252,229,2026-10-26
PO0178,2024-02-16,P0041,S02,532,510,2024-02-26
PO0179,2026-06-20,P0015,S03,214,193,2026-06-25
PO0180,2025-10-15,P0041,S02,339,337,2025-10-25
PO0181,2026-07-16,P0035,S02,257,243,2026-07-26
PO0182,2024-02-27,P0017,S02,376,356,2024-03-08
PO0183,2026-03-11,P0046,S05,454,444,2026-03-19
PO0184,2026-09-03,P0037,S03,152,143,2026-09-08
PO0185,2025-02-04,P0042,S02,583,583,2025-02-14
PO0186,2026-04-02,P0044,S05,263,240,2026-04-10
PO0187,2024-02-20,P0016,S05,364,339,2024-02-28
PO0188,2024-07-10,P0035,S02,395,392,2024-07-20
PO0189,2026-07-25,P0018,S01,558,544,2026-08-01
PO0190,2026-11-05,P0046,S05,358,355,2026-11-13
PO0191,2024-01-20,P0017,S02,521,509,2024-01-30
PO0192,2026-05-07,P0014,S05,339,339,2026-05-15
PO0193,2025-07-02,P0013,S01,482,460,2025-07-09
PO0194,2026-08-17,P0036,S01,125,117,2026-08-24
PO0195,2026-11-01,P0050,S01,370,345,2026-11-08
PO0196,2024-08-15,P0033,S02,528,511,2024-08-25
PO0197,2026-05-13,P0043,S04,109,92,2026-05-27
PO0198,2025-01-15,P0044,S05,414,399,2025-01-23
PO0199,2025-10-23,P0014,S05,254,253,2025-10-31
PO0200,2025-04-16,P0010,S03,431,412,2025-04-21
PO0201,2026-04-17,P0042,S02,477,470,2026-04-27
PO0202,2024-03-31,P0007,S05,496,489,2024-04-08
PO0203,2024-06-21,P0023,S05,492,475,2024-06-29
PO0204,2025-12-11,P0046,S05,205,205,2025-12-19
PO0205,2026-02-25,P0032,S02,315,314,2026-03-07
PO0206,2024-04-25,P0049,S04,231,216,2024-05-09
PO0207,2025-11-11,P0034,S04,588,563,2025-11-25
PO0208,2026-12-02,P0006,S04,531,508,2026-12-16
PO0209,2025-04-02,P0050,S01,308,285,2025-04-09
PO0210,2025-11-21,P0002,S05,486,486,2025-11-29
PO0211,2026-01-30,P0005,S05,440,421,2026-02-07
PO0212,2024-09-29,P0022,S01,253,228,2024-10-06
PO0213,2024-03-22,P0005,S05,133,123,2024-03-30
PO0214,2025-04-30,P0013,S01,517,509,2025-05-07
PO0215,2026-03-02,P0021,S02,554,535,2026-03-12
PO0216,2026-07-10,P0036,S01,155,146,2026-07-17
PO0217,2024-07-05,P0006,S04,341,322,2024-07-19
PO0218,2025-01-09,P0004,S05,206,184,2025-01-17
PO0219,2026-08-01,P0026,S02,188,184,2026-08-11
PO0220,2025-04-03,P0020,S05,467,445,2025-04-11
PO0221,2026-07-10,P0047,S03,144,141,2026-07-15
PO0222,2026-07-25,P0028,S01,362,337,2026-08-01
PO0223,2026-01-04,P0050,S01,232,231,2026-01-11
PO0224,2024-03-06,P0042,S02,594,579,2024-03-16
PO0225,2025-05-07,P0026,S02,437,420,2025-05-17
PO0226,2024-05-29,P0028,S01,418,415,2024-06-05
PO0227,2024-11-24,P0016,S05,539,525,2024-12-02
PO0228,2024-10-11,P0008,S01,241,239,2024-10-18
PO0229,2025-06-09,P0048,S01,378,354,2025-06-16
PO0230,2024-08-28,P0033,S02,415,408,2024-09-07
PO0231,2024-01-07,P0007,S05,414,409,2024-01-15
PO0232,2025-01-07,P0042,S02,294,276,2025-01-17
PO0233,2026-01-17,P0003,S01,316,302,2026-01-24
PO0234,2024-02-05,P0008,S01,303,295,2024-02-12
PO0235,2024-04-07,P0003,S01,529,506,2024-04-14
PO0236,2025-05-21,P0030,S01,332,309,2025-05-28
PO0237,2024-02-22,P0042,S02,316,314,2024-03-03
PO0238,2025-04-01,P0049,S04,449,427,2025-04-15
PO0239,2026-10-17,P0046,S05,566,557,2026-10-25
PO0240,2024-05-05,P0033,S02,330,315,2024-05-15
PO0241,2025-11-25,P0010,S03,317,296,2025-11-30
PO0242,2024-10-12,P0032,S02,336,334,2024-10-22
PO0243,2025-10-25,P0005,S05,348,323,2025-11-02
PO0244,2026-07-14,P0035,S02,542,536,2026-07-24
PO0245,2024-10-18,P0002,S05,295,270,2024-10-26
PO0246,2025-04-25,P0038,S05,137,122,2025-05-03
PO0247,2026-05-30,P0040,S02,519,510,2026-06-09
PO0248,2026-09-01,P0046,S05,228,228,2026-09-09
PO0249,2025-04-25,P0023,S05,366,358,2025-05-03
PO0250,2024-08-29,P0011,S04,341,333,2024-09-12
PO0251,2024-03-27,P0049,S04,190,168,2024-04-10
PO0252,2024-06-23,P0048,S01,226,217,2024-06-30
PO0253,2024-12-03,P0033,S02,400,382,2024-12-13
PO0254,2025-08-22,P0027,S04,124,115,2025-09-05
PO0255,2024-03-20,P0008,S01,295,277,2024-03-27
PO0256,2024-06-30,P0050,S01,350,350,2024-07-07
PO0257,2026-01-23,P0039,S05,596,581,2026-01-31
PO0258,2025-11-11,P0008,S01,108,86,2025-11-18
PO0259,2025-10-08,P0050,S01,463,463,2025-10-15
PO0260,2026-01-22,P0029,S05,547,546,2026-01-30
PO0261,2025-06-10,P0023,S05,114,105,2025-06-18
PO0262,2025-09-30,P0013,S01,216,205,2025-10-07
PO0263,2025-03-28,P0011,S04,349,327,2025-04-11
PO0264,2025-09-28,P0033,S02,467,453,2025-10-08
PO0265,2024-07-10,P0012,S01,375,363,2024-07-17
PO0266,2024-05-15,P0041,S02,416,408,2024-05-25
PO0267,2024-05-11,P0045,S04,473,469,2024-05-25
PO0268,2025-02-07,P0044,S05,111,104,2025-02-15
PO0269,2026-04-02,P0019,S03,417,410,2026-04-07
PO0270,2025-02-25,P0044,S05,589,568,2025-03-05
PO0271,2025-04-05,P0001,S05,106,98,2025-04-13
PO0272,2025-10-08,P0035,S02,501,499,2025-10-18
PO0273,2025-05-05,P0009,S02,408,396,2025-05-15
PO0274,2025-10-08,P0008,S01,433,420,2025-10-15
PO0275,2025-01-10,P0019,S03,126,125,2025-01-15
PO0276,2026-07-15,P0025,S05,277,260,2026-07-23
PO0277,2025-02-01,P0007,S05,488,483,2025-02-09
PO0278,2026-07-17,P0029,S05,461,458,2026-07-25
PO0279,2024-09-26,P0005,S05,134,112,2024-10-04
PO0280,2025-09-16,P0040,S02,422,404,2025-09-26
PO0281,2025-07-25,P0018,S01,469,466,2025-08-01
PO0282,2024-11-23,P0039,S05,326,319,2024-12-01
PO0283,2026-11-16,P0018,S01,519,500,2026-11-23
PO0284,2026-09-15,P0049,S04,254,232,2026-09-29
PO0285,2025-07-28,P0037,S03,257,242,2025-08-02
PO0286,2026-08-17,P0015,S03,267,250,2026-08-22
PO0287,2026-04-10,P0013,S01,144,121,2026-04-17
PO0288,2026-10-19,P0050,S01,284,274,2026-10-26
PO0289,2025-10-03,P0009,S02,231,213,2025-10-13
PO0290,2024-05-23,P0045,S04,161,143,2024-06-06
PO0291,2026-06-26,P0038,S05,186,161,2026-07-04
PO0292,2025-11-01,P0036,S01,498,486,2025-11-08
PO0293,2026-08-19,P0023,S05,581,576,2026-08-27
PO0294,2026-10-05,P0032,S02,365,344,2026-10-15
PO0295,2026-01-26,P0022,S01,381,360,2026-02-02
PO0296,2024-05-19,P0037,S03,527,507,2024-05-24
PO0297,2024-02-25,P0028,S01,441,438,2024-03-03
PO0298,2026-07-28,P0023,S05,522,511,2026-08-05
PO0299,2024-11-14,P0047,S03,202,188,2024-11-19
PO0300,2025-10-10,P0020,S05,428,411,2025-10-18
PO0301,2024-11-13,P0011,S04,409,409,2024-11-27
PO0302,2026-06-13,P0037,S03,220,199,2026-06-18
PO0303,2025-09-18,P0023,S05,587,577,2025-09-26
PO0304,2025-05-15,P0034,S04,306,298,2025-05-29
PO0305,2024-08-28,P0026,S02,511,509,2024-09-07
PO0306,2024-01-15,P0046,S05,217,212,2024-01-23
PO0307,2025-11-08,P0033,S02,222,220,2025-11-18
PO0308,2025-03-16,P0033,S02,278,266,2025-03-26
PO0309,2025-06-28,P0016,S05,187,170,2025-07-06
PO0310,2025-06-16,P0013,S01,521,517,2025-06-23
PO0311,2026-06-06,P0028,S01,143,143,2026-06-13
PO0312,2026-10-01,P0047,S03,341,322,2026-10-06
PO0313,2025-11-20,P0025,S05,503,482,2025-11-28
PO0314,2025-06-21,P0016,S05,235,221,2025-06-29
PO0315,2024-01-05,P0046,S05,260,256,2024-01-13
PO0316,2025-03-22,P0001,S05,256,244,2025-03-30
PO0317,2024-10-01,P0033,S02,586,577,2024-10-11
PO0318,2025-06-28,P0003,S01,224,205,2025-07-05
PO0319,2025-06-07,P0035,S02,370,359,2025-06-17
PO0320,2024-02-25,P0019,S03,529,529,2024-03-01
PO0321,2026-02-05,P0012,S01,531,521,2026-02-12
PO0322,2025-12-18,P0008,S01,502,492,2025-12-25
PO0323,2025-08-29,P0004,S05,487,463,2025-09-06
PO0324,2025-11-13,P0028,S01,473,448,2025-11-20
PO0325,2024-02-26,P0013,S01,552,549,2024-03-04
PO0326,2025-01-22,P0016,S05,406,387,2025-01-30
PO0327,2025-10-22,P0032,S02,505,492,2025-11-01
PO0328,2026-02-04,P0041,S02,511,494,2026-02-14
PO0329,2026-09-15,P0023,S05,206,182,2026-09-23
PO0330,2026-12-07,P0007,S05,346,342,2026-12-15
PO0331,2025-09-18,P0014,S05,168,161,2025-09-26
PO0332,2024-02-14,P0040,S02,213,190,2024-02-24
PO0333,2024-01-31,P0004,S05,320,296,2024-02-08
PO0334,2025-11-07,P0024,S01,168,165,2025-11-14
PO0335,2024-10-17,P0032,S02,326,309,2024-10-27
PO0336,2024-08-16,P0040,S02,167,165,2024-08-26
PO0337,2025-10-13,P0043,S04,525,505,2025-10-27
PO0338,2026-09-22,P0005,S05,401,381,2026-09-30
PO0339,2024-08-20,P0002,S05,392,384,2024-08-28
PO0340,2026-05-19,P0050,S01,313,291,2026-05-26
PO0341,2024-07-18,P0015,S03,126,120,2024-07-23
PO0342,2024-01-17,P0028,S01,240,240,2024-01-24
PO0343,2024-01-15,P0018,S01,212,191,2024-01-22
PO0344,2026-03-03,P0016,S05,439,435,2026-03-11
PO0345,2026-07-20,P0039,S05,508,494,2026-07-28
PO0346,2024-07-05,P0029,S05,151,132,2024-07-13
PO0347,2025-05-25,P0005,S05,545,526,2025-06-02
PO0348,2024-02-17,P0033,S02,436,429,2024-02-27
PO0349,2025-01-11,P0009,S02,211,191,2025-01-21
PO0350,2026-02-12,P0050,S01,365,359,2026-02-19
PO0351,2024-07-28,P0005,S05,279,262,2024-08-05
PO0352,2026-12-17,P0036,S01,364,354,2026-12-24
PO0353,2024-02-09,P0026,S02,422,413,2024-02-19
PO0354,2025-01-11,P0020,S05,415,411,2025-01-19
PO0355,2024-11-30,P0007,S05,145,134,2024-12-08
PO0356,2026-06-01,P0039,S05,403,394,2026-06-09
PO0357,2025-10-29,P0023,S05,289,268,2025-11-06
PO0358,2026-04-23,P0040,S02,562,551,2026-05-03
PO0359,2024-11-15,P0036,S01,279,273,2024-11-22
PO0360,2024-07-17,P0050,S01,284,279,2024-07-24
PO0361,2025-01-27,P0011,S04,280,276,2025-02-10
PO0362,2025-04-18,P0003,S01,427,426,2025-04-25
PO0363,2024-01-09,P0033,S02,146,138,2024-01-19
PO0364,2026-05-10,P0033,S02,595,585,2026-05-20
PO0365,2026-11-29,P0031,S01,510,498,2026-12-06
PO0366,2025-06-18,P0002,S05,150,133,2025-06-26
PO0367,2024-01-30,P0046,S05,523,523,2024-02-07
PO0368,2025-01-01,P0031,S01,210,202,2025-01-08
PO0369,2024-12-30,P0022,S01,103,87,2025-01-06
PO0370,2026-08-01,P0010,S03,308,286,2026-08-06
PO0371,2024-11-23,P0005,S05,205,191,2024-12-01
PO0372,2024-05-08,P0027,S04,235,234,2024-05-22
PO0373,2026-07-21,P0044,S05,400,390,2026-07-29
PO0374,2026-12-18,P0033,S02,593,574,2026-12-28
PO0375,2024-04-24,P0008,S01,103,81,2024-05-01
PO0376,2026-09-13,P0039,S05,552,537,2026-09-21
PO0377,2026-01-04,P0030,S01,292,273,2026-01-11
PO0378,2025-02-02,P0030,S01,418,400,2025-02-09
PO0379,2026-05-15,P0020,S05,440,436,2026-05-23
PO0380,2025-09-17,P0012,S01,180,162,2025-09-24
PO0381,2026-09-14,P0016,S05,575,559,2026-09-22
PO0382,2025-08-21,P0045,S04,515,496,2025-09-04
PO0383,2025-02-25,P0041,S02,456,442,2025-03-07
PO0384,2024-07-15,P0044,S05,154,152,2024-07-23
PO0385,2026-05-03,P0050,S01,545,535,2026-05-10
PO0386,2025-06-07,P0005,S05,201,190,2025-06-15
PO0387,2024-10-04,P0002,S05,379,379,2024-10-12
PO0388,2025-05-12,P0047,S03,546,543,2025-05-17
PO0389,2026-07-29,P0028,S01,191,170,2026-08-05
PO0390,2025-10-12,P0007,S05,457,445,2025-10-20
PO0391,2026-03-23,P0004,S05,330,315,2026-03-31
PO0392,2025-04-15,P0008,S01,465,460,2025-04-22
PO0393,2025-11-09,P0028,S01,142,122,2025-11-16
PO0394,2025-07-29,P0034,S04,513,496,2025-08-12
PO0395,2026-04-23,P0046,S05,345,322,2026-05-01
PO0396,2025-10-30,P0050,S01,132,114,2025-11-06
PO0397,2026-02-16,P0007,S05,500,480,2026-02-24
PO0398,2026-05-12,P0049,S04,149,124,2026-05-26
PO0399,2024-08-29,P0041,S02,223,211,2024-09-08
PO0400,2025-10-03,P0027,S04,519,509,2025-10-17
PO0401,2024-05-11,P0020,S05,558,537,2024-05-19
PO0402,2024-12-17,P0007,S05,433,410,2024-12-25
PO0403,2024-01-22,P0005,S05,400,375,2024-01-30
PO0404,2026-05-07,P0003,S01,387,377,2026-05-14
PO0405,2025-07-09,P0016,S05,188,176,2025-07-17
PO0406,2026-07-26,P0029,S05,171,167,2026-08-03
PO0407,2025-02-13,P0013,S01,452,435,2025-02-20
PO0408,2024-07-20,P0022,S01,198,186,2024-07-27
PO0409,2025-01-23,P0004,S05,533,532,2025-01-31
PO0410,2026-02-04,P0021,S02,501,501,2026-02-14
PO0411,2025-03-09,P0009,S02,530,525,2025-03-19
PO0412,2024-03-08,P0028,S01,127,126,2024-03-15
PO0413,2024-04-22,P0017,S02,256,248,2024-05-02
PO0414,2024-08-17,P0017,S02,524,511,2024-08-27
PO0415,2025-07-03,P0045,S04,152,150,2025-07-17
PO0416,2026-09-28,P0015,S03,243,236,2026-10-03
PO0417,2026-07-21,P0044,S05,558,547,2026-07-29
PO0418,2026-08-28,P0013,S01,117,114,2026-09-04
PO0419,2024-07-30,P0015,S03,506,497,2024-08-04
PO0420,2024-06-09,P0030,S01,208,192,2024-06-16
PO0421,2025-07-27,P0016,S05,101,91,2025-08-04
PO0422,2024-02-23,P0044,S05,315,293,2024-03-02
PO0423,2024-01-08,P0023,S05,189,176,2024-01-16
PO0424,2025-05-06,P0026,S02,371,353,2025-05-16
PO0425,2024-11-04,P0042,S02,211,205,2024-11-14
PO0426,2026-09-26,P0038,S05,594,589,2026-10-04
PO0427,2025-12-29,P0039,S05,443,441,2026-01-06
PO0428,2024-02-12,P0009,S02,228,218,2024-02-22
PO0429,2026-10-18,P0007,S05,313,307,2026-10-26
PO0430,2024-04-15,P0039,S05,489,480,2024-04-23
PO0431,2026-12-25,P0044,S05,442,437,2027-01-02
PO0432,2025-10-27,P0026,S02,550,547,2025-11-06
PO0433,2026-10-21,P0015,S03,454,452,2026-10-26
PO0434,2026-11-18,P0012,S01,109,96,2026-11-25
PO0435,2026-11-19,P0028,S01,109,95,2026-11-26
PO0436,2024-09-05,P0045,S04,171,165,2024-09-19
PO0437,2024-08-06,P0002,S05,347,346,2024-08-14
PO0438,2024-09-21,P0017,S02,259,253,2024-10-01
PO0439,2024-11-07,P0013,S01,329,314,2024-11-14
PO0440,2024-02-29,P0033,S02,569,564,2024-03-10
PO0441,2025-12-23,P0046,S05,328,306,2025-12-31
PO0442,2025-08-24,P0006,S04,426,422,2025-09-07
PO0443,2026-04-12,P0040,S02,445,426,2026-04-22
PO0444,2024-09-04,P0036,S01,131,125,2024-09-11
PO0445,2024-09-29,P0021,S02,590,586,2024-10-09
PO0446,2025-07-27,P0017,S02,270,256,2025-08-06
PO0447,2026-11-23,P0036,S01,459,458,2026-11-30
PO0448,2026-11-09,P0025,S05,495,481,2026-11-17
PO0449,2025-04-01,P0003,S01,225,206,2025-04-08
PO0450,2024-03-23,P0002,S05,273,268,2024-03-31
PO0451,2024-04-02,P0016,S05,230,217,2024-04-10
PO0452,2026-12-25,P0002,S05,438,426,2027-01-02
PO0453,2026-11-14,P0045,S04,262,250,2026-11-28
PO0454,2025-11-20,P0038,S05,180,176,2025-11-28
PO0455,2024-09-23,P0024,S01,202,185,2024-09-30
PO0456,2026-02-07,P0043,S04,592,571,2026-02-21
PO0457,2026-06-30,P0010,S03,585,579,2026-07-05
PO0458,2026-03-21,P0033,S02,295,284,2026-03-31
PO0459,2025-06-29,P0018,S01,195,183,2025-07-06
PO0460,2024-02-12,P0050,S01,179,156,2024-02-19
PO0461,2026-02-05,P0009,S02,238,236,2026-02-15
PO0462,2024-05-09,P0050,S01,216,201,2024-05-16
PO0463,2024-08-17,P0003,S01,516,493,2024-08-24
PO0464,2024-02-14,P0008,S01,104,94,2024-02-21
PO0465,2024-10-19,P0021,S02,461,441,2024-10-29
PO0466,2024-11-18,P0047,S03,295,283,2024-11-23
PO0467,2024-12-26,P0009,S02,296,283,2025-01-05
PO0468,2024-01-24,P0048,S01,361,339,2024-01-31
PO0469,2026-03-31,P0023,S05,541,518,2026-04-08
PO0470,2024-06-19,P0013,S01,130,113,2024-06-26
PO0471,2026-02-18,P0011,S04,132,128,2026-03-04
PO0472,2025-04-09,P0028,S01,242,239,2025-04-16
PO0473,2024-04-06,P0007,S05,556,540,2024-04-14
PO0474,2025-04-18,P0042,S02,441,424,2025-04-28
PO0475,2024-03-30,P0035,S02,551,541,2024-04-09
PO0476,2025-06-18,P0010,S03,180,173,2025-06-23
PO0477,2025-07-17,P0040,S02,243,236,2025-07-27
PO0478,2026-12-09,P0008,S01,500,492,2026-12-16
PO0479,2026-06-16,P0022,S01,330,305,2026-06-23
PO0480,2026-02-22,P0018,S01,239,229,2026-03-01
PO0481,2025-09-11,P0013,S01,195,194,2025-09-18
PO0482,2026-10-26,P0042,S02,564,552,2026-11-05
PO0483,2024-09-05,P0041,S02,391,372,2024-09-15
PO0484,2025-06-06,P0023,S05,458,452,2025-06-14
PO0485,2024-05-16,P0021,S02,338,332,2024-05-26
PO0486,2026-10-24,P0041,S02,341,323,2026-11-03
PO0487,2026-08-11,P0050,S01,475,469,2026-08-18
PO0488,2025-01-16,P0029,S05,271,247,2025-01-24
PO0489,2026-01-27,P0033,S02,154,132,2026-02-06
PO0490,2024-08-18,P0031,S01,292,269,2024-08-25
PO0491,2025-10-13,P0003,S01,292,280,2025-10-20
PO0492,2026-10-20,P0014,S05,124,118,2026-10-28
PO0493,2026-08-10,P0050,S01,511,488,2026-08-17
PO0494,2024-04-08,P0013,S01,342,327,2024-04-15
PO0495,2026-10-28,P0045,S04,463,461,2026-11-11
PO0496,2026-06-12,P0016,S05,356,345,2026-06-20
PO0497,2026-12-29,P0004,S05,310,289,2027-01-06
PO0498,2025-09-03,P0001,S05,543,543,2025-09-11
PO0499,2024-03-10,P0004,S05,527,504,2024-03-18
PO0500,2026-08-12,P0008,S01,381,362,2026-08-19
PO0501,2025-06-16,P0026,S02,340,320,2025-06-26
PO0502,2024-05-21,P0049,S04,225,207,2024-06-04
PO0503,2025-06-04,P0023,S05,502,494,2025-06-12
PO0504,2026-03-16,P0035,S02,453,435,2026-03-26
PO0505,2024-04-04,P0024,S01,363,340,2024-04-11
PO0506,2025-12-15,P0022,S01,413,402,2025-12-22
PO0507,2024-07-30,P0028,S01,563,547,2024-08-06
PO0508,2024-03-24,P0039,S05,560,553,2024-04-01
PO0509,2024-01-07,P0042,S02,203,202,2024-01-17
PO0510,2024-05-24,P0043,S04,267,250,2024-06-07
PO0511,2024-08-30,P0033,S02,545,542,2024-09-09
PO0512,2024-08-16,P0033,S02,281,263,2024-08-26
PO0513,2025-10-30,P0047,S03,438,429,2025-11-04
PO0514,2025-11-30,P0023,S05,217,207,2025-12-08
PO0515,2025-06-18,P0018,S01,369,360,2025-06-25
PO0516,2025-10-02,P0003,S01,346,341,2025-10-09
PO0517,2025-04-28,P0032,S02,375,359,2025-05-08
PO0518,2025-01-11,P0050,S01,227,210,2025-01-18
PO0519,2026-12-12,P0028,S01,400,398,2026-12-19
PO0520,2024-03-20,P0032,S02,394,394,2024-03-30
PO0521,2026-03-13,P0006,S04,494,477,2026-03-27
PO0522,2026-12-11,P0016,S05,284,271,2026-12-19
PO0523,2025-07-26,P0003,S01,412,406,2025-08-02
PO0524,2024-07-18,P0004,S05,148,123,2024-07-26
PO0525,2025-03-18,P0049,S04,248,227,2025-04-01
PO0526,2026-08-10,P0042,S02,121,115,2026-08-20
PO0527,2024-05-29,P0041,S02,500,487,2024-06-08
PO0528,2026-02-16,P0004,S05,230,213,2026-02-24
PO0529,2025-10-06,P0018,S01,267,266,2025-10-13
PO0530,2025-12-03,P0023,S05,560,537,2025-12-11
PO0531,2025-04-14,P0006,S04,174,164,2025-04-28
PO0532,2024-05-18,P0002,S05,377,353,2024-05-26
PO0533,2024-03-30,P0013,S01,472,468,2024-04-06
PO0534,2025-12-07,P0046,S05,319,313,2025-12-15
PO0535,2024-02-02,P0027,S04,362,356,2024-02-16
PO0536,2026-05-12,P0009,S02,128,115,2026-05-22
PO0537,2025-10-13,P0044,S05,541,540,2025-10-21
PO0538,2024-02-09,P0018,S01,465,462,2024-02-16
PO0539,2025-01-12,P0049,S04,326,325,2025-01-26
PO0540,2024-03-22,P0006,S04,163,156,2024-04-05
PO0541,2024-11-26,P0049,S04,314,309,2024-12-10
PO0542,2024-09-13,P0001,S05,586,572,2024-09-21
PO0543,2025-04-14,P0048,S01,126,120,2025-04-21
PO0544,2024-01-26,P0031,S01,379,354,2024-02-02
PO0545,2024-12-14,P0032,S02,575,561,2024-12-24
PO0546,2025-03-05,P0021,S02,377,374,2025-03-15
PO0547,2025-07-12,P0021,S02,545,533,2025-07-22
PO0548,2026-09-12,P0007,S05,417,396,2026-09-20
PO0549,2024-04-27,P0021,S02,268,265,2024-05-07
PO0550,2026-08-21,P0027,S04,203,179,2026-09-04
PO0551,2026-01-07,P0020,S05,589,567,2026-01-15
PO0552,2024-12-26,P0030,S01,285,284,2025-01-02
PO0553,2026-10-29,P0029,S05,579,557,2026-11-06
PO0554,2025-12-24,P0028,S01,212,207,2025-12-31
PO0555,2026-06-26,P0007,S05,539,519,2026-07-04
PO0556,2024-10-19,P0028,S01,204,182,2024-10-26
PO0557,2025-06-27,P0040,S02,322,313,2025-07-07
PO0558,2025-03-13,P0006,S04,328,312,2025-03-27
PO0559,2025-10-15,P0048,S01,243,232,2025-10-22
PO0560,2024-03-02,P0013,S01,358,334,2024-03-09
PO0561,2026-08-11,P0045,S04,298,284,2026-08-25
PO0562,2024-01-02,P0041,S02,529,515,2024-01-12
PO0563,2025-09-16,P0031,S01,328,319,2025-09-23
PO0564,2024-07-26,P0044,S05,450,438,2024-08-03
PO0565,2024-05-17,P0005,S05,585,573,2024-05-25
PO0566,2024-04-07,P0024,S01,109,100,2024-04-14
PO0567,2025-11-24,P0039,S05,285,261,2025-12-02
PO0568,2026-10-13,P0017,S02,582,565,2026-10-23
PO0569,2024-03-21,P0018,S01,422,415,2024-03-28
PO0570,2026-09-13,P0021,S02,512,490,2026-09-23
PO0571,2025-11-23,P0030,S01,194,169,2025-11-30
PO0572,2025-01-16,P0048,S01,512,496,2025-01-23
PO0573,2024-07-28,P0049,S04,418,395,2024-08-11
PO0574,2025-12-02,P0045,S04,301,294,2025-12-16
PO0575,2024-02-19,P0047,S03,521,509,2024-02-24
PO0576,2026-10-11,P0019,S03,166,160,2026-10-16
PO0577,2025-05-12,P0007,S05,162,161,2025-05-20
PO0578,2026-03-20,P0032,S02,284,283,2026-03-30
PO0579,2025-05-20,P0039,S05,535,531,2025-05-28
PO0580,2025-09-30,P0029,S05,305,294,2025-10-08
PO0581,2025-12-08,P0036,S01,183,166,2025-12-15
PO0582,2024-04-02,P0002,S05,600,588,2024-04-10
PO0583,2026-07-13,P0042,S02,217,217,2026-07-23
PO0584,2025-04-14,P0047,S03,234,232,2025-04-19
PO0585,2024-06-01,P0003,S01,308,296,2024-06-08
PO0586,2024-12-12,P0008,S01,396,393,2024-12-19
PO0587,2025-05-30,P0034,S04,305,290,2025-06-13
PO0588,2024-06-21,P0050,S01,404,393,2024-06-28
PO0589,2025-10-28,P0041,S02,523,522,2025-11-07
PO0590,2025-04-17,P0046,S05,463,445,2025-04-25
PO0591,2026-07-02,P0044,S05,500,484,2026-07-10
PO0592,2025-04-03,P0015,S03,489,471,2025-04-08
PO0593,2024-08-16,P0040,S02,433,415,2024-08-26
PO0594,2025-07-02,P0039,S05,383,366,2025-07-10
PO0595,2024-03-20,P0017,S02,327,311,2024-03-30
PO0596,2024-08-14,P0016,S05,111,95,2024-08-22
PO0597,2026-05-21,P0039,S05,355,352,2026-05-29
PO0598,2026-12-15,P0007,S05,316,306,2026-12-23
PO0599,2024-02-23,P0017,S02,311,311,2024-03-04
PO0600,2026-06-16,P0004,S05,410,408,2026-06-24
PO0601,2026-07-08,P0048,S01,388,371,2026-07-15
PO0602,2024-03-30,P0009,S02,526,502,2024-04-09
PO0603,2026-10-25,P0015,S03,511,486,2026-10-30
PO0604,2025-07-16,P0013,S01,292,287,2025-07-23
PO0605,2024-09-10,P0028,S01,120,117,2024-09-17
PO0606,2025-09-03,P0013,S01,422,412,2025-09-10
PO0607,2025-04-15,P0040,S02,136,122,2025-04-25
PO0608,2025-06-27,P0033,S02,508,497,2025-07-07
PO0609,2024-06-17,P0002,S05,335,333,2024-06-25
PO0610,2026-01-14,P0001,S05,597,597,2026-01-22
PO0611,2025-08-18,P0041,S02,544,519,2025-08-28
PO0612,2025-11-20,P0049,S04,130,130,2025-12-04
PO0613,2025-09-02,P0005,S05,303,298,2025-09-10
PO0614,2024-05-22,P0032,S02,589,582,2024-06-01
PO0615,2026-11-11,P0027,S04,496,481,2026-11-25
PO0616,2024-11-04,P0027,S04,537,514,2024-11-18
PO0617,2024-01-08,P0023,S05,525,503,2024-01-16
PO0618,2025-10-15,P0004,S05,318,316,2025-10-23
PO0619,2024-05-12,P0015,S03,249,238,2024-05-17
PO0620,2024-09-22,P0031,S01,370,361,2024-09-29
PO0621,2025-07-17,P0019,S03,475,456,2025-07-22
PO0622,2026-01-17,P0006,S04,398,391,2026-01-31
PO0623,2025-11-19,P0016,S05,145,129,2025-11-27
PO0624,2026-06-15,P0002,S05,265,240,2026-06-23
PO0625,2024-10-06,P0049,S04,173,167,2024-10-20
PO0626,2024-02-13,P0015,S03,544,534,2024-02-18
PO0627,2025-06-12,P0039,S05,130,127,2025-06-20
PO0628,2025-07-13,P0041,S02,142,139,2025-07-23
PO0629,2026-10-21,P0050,S01,243,233,2026-10-28
PO0630,2026-09-30,P0014,S05,519,499,2026-10-08
PO0631,2026-02-13,P0017,S02,408,402,2026-02-23
PO0632,2024-06-09,P0033,S02,209,208,2024-06-19
PO0633,2025-08-14,P0029,S05,374,352,2025-08-22
PO0634,2025-07-20,P0050,S01,550,529,2025-07-27
PO0635,2025-03-12,P0008,S01,473,454,2025-03-19
PO0636,2026-03-28,P0041,S02,126,111,2026-04-07
PO0637,2024-12-11,P0008,S01,176,170,2024-12-18
PO0638,2026-12-17,P0006,S04,303,290,2026-12-31
PO0639,2025-03-11,P0009,S02,456,439,2025-03-21
PO0640,2026-09-12,P0042,S02,180,161,2026-09-22
PO0641,2025-01-14,P0004,S05,220,195,2025-01-22
PO0642,2024-04-24,P0002,S05,177,174,2024-05-02
PO0643,2025-03-01,P0018,S01,384,368,2025-03-08
PO0644,2024-05-22,P0005,S05,268,250,2024-05-30
PO0645,2025-02-08,P0016,S05,415,415,2025-02-16
PO0646,2026-11-19,P0008,S01,557,539,2026-11-26
PO0647,2026-05-05,P0045,S04,120,98,2026-05-19
PO0648,2024-05-26,P0037,S03,125,103,2024-05-31
PO0649,2024-04-01,P0019,S03,425,410,2024-04-06
PO0650,2025-11-24,P0031,S01,144,132,2025-12-01
PO0651,2026-05-04,P0039,S05,179,162,2026-05-12
PO0652,2025-06-09,P0046,S05,363,348,2025-06-17
PO0653,2026-06-20,P0036,S01,124,104,2026-06-27
PO0654,2025-12-02,P0004,S05,394,377,2025-12-10
PO0655,2026-06-01,P0018,S01,591,581,2026-06-08
PO0656,2024-06-01,P0004,S05,405,387,2024-06-09
PO0657,2025-01-22,P0018,S01,453,428,2025-01-29
PO0658,2025-12-11,P0044,S05,491,482,2025-12-19
PO0659,2026-11-10,P0048,S01,430,412,2026-11-17
PO0660,2026-09-08,P0021,S02,190,174,2026-09-18
PO0661,2024-05-16,P0048,S01,291,274,2024-05-23
PO0662,2026-09-04,P0025,S05,273,272,2026-09-12
PO0663,2025-05-07,P0049,S04,371,367,2025-05-21
PO0664,2025-10-15,P0005,S05,489,465,2025-10-23
PO0665,2026-01-16,P0010,S03,226,207,2026-01-21
PO0666,2026-05-08,P0049,S04,119,103,2026-05-22
PO0667,2026-01-07,P0031,S01,585,571,2026-01-14
PO0668,2025-03-01,P0039,S05,174,173,2025-03-09
PO0669,2025-09-08,P0004,S05,176,160,2025-09-16
PO0670,2024-03-02,P0024,S01,500,476,2024-03-09
PO0671,2026-12-24,P0036,S01,507,502,2026-12-31
PO0672,2024-02-14,P0030,S01,548,539,2024-02-21
PO0673,2025-03-03,P0039,S05,168,160,2025-03-11
PO0674,2026-09-20,P0046,S05,598,592,2026-09-28
PO0675,2025-03-07,P0016,S05,242,230,2025-03-15
PO0676,2025-06-22,P0030,S01,111,108,2025-06-29
PO0677,2026-02-08,P0006,S04,100,100,2026-02-22
PO0678,2025-10-26,P0025,S05,507,496,2025-11-03
PO0679,2025-08-27,P0041,S02,255,243,2025-09-06
PO0680,2026-12-06,P0019,S03,126,119,2026-12-11
PO0681,2025-02-14,P0007,S05,222,200,2025-02-22
PO0682,2026-08-25,P0047,S03,247,225,2026-08-30
PO0683,2025-09-23,P0036,S01,209,186,2025-09-30
PO0684,2025-07-20,P0046,S05,504,489,2025-07-28
PO0685,2025-11-01,P0049,S04,310,303,2025-11-15
PO0686,2025-10-05,P0033,S02,145,123,2025-10-15
PO0687,2025-02-19,P0032,S02,528,520,2025-03-01
PO0688,2025-07-08,P0049,S04,597,583,2025-07-22
PO0689,2025-05-22,P0043,S04,103,93,2025-06-05
PO0690,2024-12-28,P0026,S02,162,156,2025-01-07
PO0691,2024-10-04,P0030,S01,100,87,2024-10-11
PO0692,2025-04-03,P0040,S02,235,220,2025-04-13
PO0693,2024-02-02,P0008,S01,301,296,2024-02-09
PO0694,2024-07-05,P0023,S05,393,392,2024-07-13
PO0695,2025-12-27,P0039,S05,223,221,2026-01-04
PO0696,2024-07-25,P0043,S04,541,528,2024-08-08
PO0697,2024-04-13,P0037,S03,456,454,2024-04-18
PO0698,2024-02-10,P0029,S05,468,454,2024-02-18
PO0699,2024-03-19,P0020,S05,363,356,2024-03-27
PO0700,2026-12-16,P0002,S05,488,486,2026-12-24
PO0701,2025-05-14,P0049,S04,311,310,2025-05-28
PO0702,2024-11-09,P0041,S02,288,273,2024-11-19
PO0703,2025-10-27,P0019,S03,259,256,2025-11-01
PO0704,2025-09-27,P0029,S05,165,145,2025-10-05
PO0705,2024-02-28,P0040,S02,595,586,2024-03-09
PO0706,2025-04-28,P0026,S02,300,276,2025-05-08
PO0707,2026-08-20,P0043,S04,268,267,2026-09-03
PO0708,2026-10-24,P0029,S05,198,187,2026-11-01
PO0709,2024-07-14,P0027,S04,377,361,2024-07-28
PO0710,2025-01-12,P0033,S02,566,544,2025-01-22
PO0711,2024-04-27,P0003,S01,360,340,2024-05-04
PO0712,2025-09-13,P0005,S05,505,504,2025-09-21
PO0713,2025-09-22,P0028,S01,346,346,2025-09-29
PO0714,2026-07-03,P0027,S04,212,195,2026-07-17
PO0715,2024-06-04,P0022,S01,460,440,2024-06-11
PO0716,2025-05-02,P0004,S05,304,297,2025-05-10
PO0717,2026-12-01,P0023,S05,157,152,2026-12-09
PO0718,2024-03-31,P0016,S05,465,455,2024-04-08
PO0719,2024-01-16,P0004,S05,411,406,2024-01-24
PO0720,2025-08-18,P0035,S02,309,305,2025-08-28
PO0721,2025-07-04,P0046,S05,325,322,2025-07-12
PO0722,2026-02-24,P0039,S05,171,153,2026-03-04
PO0723,2024-04-04,P0001,S05,119,114,2024-04-12
PO0724,2026-02-11,P0007,S05,345,340,2026-02-19
PO0725,2026-11-17,P0046,S05,447,437,2026-11-25
PO0726,2024-01-15,P0001,S05,122,115,2024-01-23
PO0727,2026-03-27,P0029,S05,277,274,2026-04-04
PO0728,2025-03-10,P0041,S02,192,187,2025-03-20
PO0729,2026-04-05,P0011,S04,220,205,2026-04-19
PO0730,2024-12-13,P0009,S02,528,512,2024-12-23
PO0731,2026-02-10,P0037,S03,118,109,2026-02-15
PO0732,2025-05-12,P0033,S02,541,519,2025-05-22
PO0733,2025-05-11,P0038,S05,438,416,2025-05-19
PO0734,2026-03-24,P0021,S02,160,159,2026-04-03
PO0735,2026-08-09,P0034,S04,211,207,2026-08-23
PO0736,2026-06-07,P0044,S05,533,509,2026-06-15
PO0737,2025-12-22,P0019,S03,254,250,2025-12-27
PO0738,2024-01-13,P0030,S01,440,432,2024-01-20
PO0739,2024-10-09,P0007,S05,466,459,2024-10-17
PO0740,2024-10-27,P0006,S04,420,420,2024-11-10
PO0741,2024-04-19,P0046,S05,237,220,2024-04-27
PO0742,2024-08-13,P0022,S01,192,182,2024-08-20
PO0743,2026-08-05,P0020,S05,256,247,2026-08-13
PO0744,2026-09-25,P0026,S02,454,451,2026-10-05
PO0745,2024-01-28,P0037,S03,439,421,2024-02-02
PO0746,2024-10-14,P0031,S01,331,320,2024-10-21
PO0747,2024-03-01,P0023,S05,543,524,2024-03-09
PO0748,2026-08-30,P0004,S05,247,245,2026-09-07
PO0749,2025-08-16,P0023,S05,161,136,2025-08-24
PO0750,2026-02-17,P0005,S05,359,353,2026-02-25
PO0751,2024-07-06,P0012,S01,365,344,2024-07-13
PO0752,2025-12-23,P0006,S04,275,267,2026-01-06
PO0753,2026-11-20,P0024,S01,284,264,2026-11-27
PO0754,2025-10-26,P0017,S02,160,155,2025-11-05
PO0755,2025-11-05,P0036,S01,582,581,2025-11-12
PO0756,2025-08-28,P0030,S01,551,542,2025-09-04
PO0757,2025-04-03,P0029,S05,380,373,2025-04-11
PO0758,2025-04-17,P0048,S01,265,252,2025-04-24
PO0759,2024-12-28,P0012,S01,171,161,2025-01-04
PO0760,2025-10-15,P0028,S01,365,350,2025-10-22
PO0761,2025-07-25,P0048,S01,363,345,2025-08-01
PO0762,2026-05-05,P0021,S02,288,267,2026-05-15
PO0763,2025-09-24,P0030,S01,333,313,2025-10-01
PO0764,2025-11-28,P0027,S04,112,111,2025-12-12
PO0765,2025-04-16,P0013,S01,185,164,2025-04-23
PO0766,2024-07-11,P0031,S01,106,94,2024-07-18
PO0767,2025-09-18,P0003,S01,127,105,2025-09-25
PO0768,2024-11-15,P0044,S05,297,291,2024-11-23
PO0769,2024-02-19,P0045,S04,505,491,2024-03-04
PO0770,2024-01-15,P0021,S02,151,140,2024-01-25
PO0771,2025-08-24,P0038,S05,575,568,2025-09-01
PO0772,2024-08-26,P0002,S05,578,563,2024-09-03
PO0773,2025-08-05,P0040,S02,543,518,2025-08-15
PO0774,2025-07-30,P0035,S02,334,319,2025-08-09
PO0775,2026-10-12,P0014,S05,397,380,2026-10-20
PO0776,2025-07-29,P0030,S01,171,165,2025-08-05
PO0777,2026-02-08,P0019,S03,363,357,2026-02-13
PO0778,2024-03-09,P0022,S01,148,123,2024-03-16
PO0779,2025-01-13,P0047,S03,397,383,2025-01-18
PO0780,2025-12-02,P0021,S02,198,191,2025-12-12
PO0781,2025-10-23,P0046,S05,547,527,2025-10-31
PO0782,2026-10-01,P0044,S05,225,204,2026-10-09
PO0783,2025-01-16,P0044,S05,122,121,2025-01-24
PO0784,2024-02-07,P0028,S01,158,156,2024-02-14
PO0785,2025-07-22,P0044,S05,461,437,2025-07-30
PO0786,2024-12-15,P0015,S03,576,567,2024-12-20
PO0787,2025-07-01,P0005,S05,600,598,2025-07-09
PO0788,2024-09-11,P0005,S05,364,355,2024-09-19
PO0789,2025-05-08,P0030,S01,516,492,2025-05-15
PO0790,2025-10-29,P0006,S04,460,445,2025-11-12
PO0791,2026-04-11,P0036,S01,472,447,2026-04-18
PO0792,2024-02-27,P0007,S05,519,517,2024-03-06
PO0793,2024-06-10,P0001,S05,426,419,2024-06-18
PO0794,2026-04-19,P0017,S02,563,545,2026-04-29
PO0795,2025-08-16,P0039,S05,572,563,2025-08-24
PO0796,2024-02-21,P0050,S01,204,189,2024-02-28
PO0797,2024-10-14,P0027,S04,320,301,2024-10-28
PO0798,2026-03-27,P0015,S03,268,249,2026-04-01
PO0799,2026-12-06,P0035,S02,492,490,2026-12-16
PO0800,2025-07-18,P0035,S02,441,434,2025-07-28
PO0801,2025-09-18,P0046,S05,295,279,2025-09-26
PO0802,2026-05-21,P0040,S02,422,409,2026-05-31
PO0803,2026-06-17,P0009,S02,329,324,2026-06-27
PO0804,2025-12-03,P0026,S02,468,467,2025-12-13
PO0805,2025-02-23,P0020,S05,295,274,2025-03-03
PO0806,2026-09-07,P0008,S01,183,158,2026-09-14
PO0807,2024-11-26,P0045,S04,312,287,2024-12-10
PO0808,2026-02-04,P0025,S05,350,337,2026-02-12
PO0809,2025-12-17,P0002,S05,500,495,2025-12-25
PO0810,2025-06-05,P0047,S03,431,410,2025-06-10
PO0811,2024-03-28,P0033,S02,123,111,2024-04-07
PO0812,2026-12-23,P0034,S04,319,304,2027-01-06
PO0813,2024-08-20,P0017,S02,223,211,2024-08-30
PO0814,2025-06-22,P0001,S05,243,226,2025-06-30
PO0815,2025-10-06,P0030,S01,357,334,2025-10-13
PO0816,2024-02-04,P0003,S01,481,459,2024-02-11
PO0817,2025-07-26,P0032,S02,125,111,2025-08-05
PO0818,2025-08-12,P0049,S04,368,358,2025-08-26
PO0819,2026-12-23,P0018,S01,511,506,2026-12-30
PO0820,2026-11-13,P0022,S01,224,221,2026-11-20
PO0821,2024-01-10,P0038,S05,389,382,2024-01-18
PO0822,2026-06-16,P0038,S05,419,410,2026-06-24
PO0823,2025-09-22,P0007,S05,207,207,2025-09-30
PO0824,2025-10-13,P0038,S05,452,431,2025-10-21
PO0825,2025-07-07,P0032,S02,296,294,2025-07-17
PO0826,2025-09-01,P0037,S03,371,359,2025-09-06
PO0827,2024-10-20,P0024,S01,382,358,2024-10-27
PO0828,2026-04-05,P0042,S02,367,343,2026-04-15
PO0829,2026-05-15,P0046,S05,299,292,2026-05-23
PO0830,2025-01-08,P0044,S05,146,139,2025-01-16
PO0831,2026-11-09,P0026,S02,108,85,2026-11-19
PO0832,2025-12-04,P0031,S01,544,523,2025-12-11
PO0833,2025-03-15,P0045,S04,557,546,2025-03-29
PO0834,2025-10-21,P0034,S04,444,435,2025-11-04
PO0835,2025-11-26,P0024,S01,437,432,2025-12-03
PO0836,2025-02-10,P0036,S01,438,425,2025-02-17
PO0837,2024-05-17,P0008,S01,453,438,2024-05-24
PO0838,2026-08-11,P0017,S02,550,540,2026-08-21
PO0839,2025-10-12,P0025,S05,600,586,2025-10-20
PO0840,2026-08-07,P0017,S02,136,135,2026-08-17
PO0841,2026-02-23,P0014,S05,156,140,2026-03-03
PO0842,2025-04-30,P0026,S02,268,268,2025-05-10
PO0843,2024-11-01,P0025,S05,514,508,2024-11-09
PO0844,2024-09-21,P0019,S03,220,195,2024-09-26
PO0845,2024-04-07,P0041,S02,539,522,2024-04-17
PO0846,2026-07-23,P0006,S04,578,566,2026-08-06
PO0847,2025-11-10,P0010,S03,227,214,2025-11-15
PO0848,2025-05-03,P0007,S05,212,200,2025-05-11
PO0849,2026-04-17,P0047,S03,243,224,2026-04-22
PO0850,2024-11-18,P0048,S01,244,244,2024-11-25
PO0851,2025-05-07,P0048,S01,518,508,2025-05-14
PO0852,2026-03-16,P0021,S02,250,244,2026-03-26
PO0853,2025-02-24,P0020,S05,399,381,2025-03-04
PO0854,2025-11-20,P0029,S05,191,171,2025-11-28
PO0855,2024-05-29,P0019,S03,524,499,2024-06-03
PO0856,2026-11-20,P0005,S05,112,99,2026-11-28
PO0857,2025-01-15,P0041,S02,143,123,2025-01-25
PO0858,2024-04-15,P0011,S04,165,157,2024-04-29
PO0859,2025-07-22,P0012,S01,541,522,2025-07-29
PO0860,2024-11-13,P0049,S04,490,481,2024-11-27
PO0861,2025-06-27,P0030,S01,160,153,2025-07-04
PO0862,2024-05-20,P0042,S02,303,285,2024-05-30
PO0863,2024-10-23,P0045,S04,110,89,2024-11-06
PO0864,2024-03-04,P0039,S05,223,205,2024-03-12
PO0865,2025-05-08,P0038,S05,366,345,2025-05-16
PO0866,2026-10-10,P0038,S05,494,478,2026-10-18
PO0867,2026-01-21,P0027,S04,323,318,2026-02-04
PO0868,2025-06-21,P0034,S04,595,591,2025-07-05
PO0869,2024-10-02,P0047,S03,401,387,2024-10-07
PO0870,2024-03-19,P0009,S02,539,539,2024-03-29
PO0871,2026-05-30,P0010,S03,398,379,2026-06-04
PO0872,2024-04-15,P0019,S03,403,400,2024-04-20
PO0873,2026-09-18,P0001,S05,114,114,2026-09-26
PO0874,2026-05-09,P0045,S04,122,118,2026-05-23
PO0875,2025-04-12,P0015,S03,361,337,2025-04-17
PO0876,2024-05-12,P0022,S01,567,554,2024-05-19
PO0877,2025-06-02,P0027,S04,262,258,2025-06-16
PO0878,2026-05-03,P0044,S05,578,574,2026-05-11
PO0879,2024-03-04,P0007,S05,315,297,2024-03-12
PO0880,2024-09-24,P0015,S03,485,476,2024-09-29
PO0881,2026-07-03,P0036,S01,126,105,2026-07-10
PO0882,2026-09-05,P0024,S01,170,155,2026-09-12
PO0883,2024-02-05,P0048,S01,320,311,2024-02-12
PO0884,2026-06-30,P0036,S01,117,92,2026-07-07
PO0885,2026-09-01,P0042,S02,593,579,2026-09-11
PO0886,2024-03-25,P0038,S05,250,247,2024-04-02
PO0887,2026-10-07,P0026,S02,540,518,2026-10-17
PO0888,2025-12-15,P0042,S02,290,287,2025-12-25
PO0889,2025-05-17,P0027,S04,543,537,2025-05-31
PO0890,2025-05-10,P0022,S01,506,482,2025-05-17
PO0891,2024-11-11,P0032,S02,347,338,2024-11-21
PO0892,2024-07-23,P0020,S05,272,265,2024-07-31
PO0893,2026-11-21,P0005,S05,379,357,2026-11-29
PO0894,2025-04-02,P0036,S01,284,274,2025-04-09
PO0895,2025-05-09,P0025,S05,246,221,2025-05-17
PO0896,2025-07-31,P0009,S02,373,368,2025-08-10
PO0897,2026-11-21,P0013,S01,192,173,2026-11-28
PO0898,2024-02-15,P0037,S03,239,238,2024-02-20
PO0899,2026-02-13,P0002,S05,455,442,2026-02-21
PO0900,2026-02-06,P0006,S04,439,425,2026-02-20
PO0901,2025-04-25,P0010,S03,187,180,2025-04-30
PO0902,2024-09-16,P0036,S01,295,280,2024-09-23
PO0903,2025-05-09,P0047,S03,519,498,2025-05-14
PO0904,2024-10-11,P0044,S05,325,309,2024-10-19
PO0905,2026-04-23,P0029,S05,580,578,2026-05-01
PO0906,2026-07-14,P0027,S04,106,87,2026-07-28
PO0907,2024-12-30,P0012,S01,341,325,2025-01-06
PO0908,2025-07-27,P0011,S04,288,282,2025-08-10
PO0909,2025-04-04,P0025,S05,288,272,2025-04-12
PO0910,2025-11-28,P0047,S03,396,383,2025-12-03
PO0911,2025-12-21,P0006,S04,320,306,2026-01-04
PO0912,2025-09-07,P0008,S01,367,352,2025-09-14
PO0913,2026-05-10,P0013,S01,262,247,2026-05-17
PO0914,2026-04-08,P0026,S02,389,382,2026-04-18
PO0915,2025-04-30,P0003,S01,454,442,2025-05-07
PO0916,2025-02-03,P0018,S01,210,204,2025-02-10
PO0917,2026-08-09,P0013,S01,277,258,2026-08-16
PO0918,2024-07-04,P0043,S04,517,501,2024-07-18
PO0919,2025-07-31,P0034,S04,519,504,2025-08-14
PO0920,2026-05-18,P0032,S02,348,335,2026-05-28
PO0921,2024-01-19,P0020,S05,598,594,2024-01-27
PO0922,2026-04-29,P0047,S03,398,393,2026-05-04
PO0923,2026-08-10,P0050,S01,375,365,2026-08-17
PO0924,2025-04-16,P0048,S01,527,511,2025-04-23
PO0925,2024-06-04,P0032,S02,434,429,2024-06-14
PO0926,2024-07-04,P0012,S01,474,453,2024-07-11
PO0927,2026-12-28,P0025,S05,230,221,2027-01-05
PO0928,2025-08-31,P0031,S01,444,433,2025-09-07
PO0929,2024-04-03,P0001,S05,144,141,2024-04-11
PO0930,2024-04-01,P0044,S05,344,330,2024-04-09
PO0931,2026-05-05,P0016,S05,410,406,2026-05-13
PO0932,2026-09-28,P0035,S02,147,145,2026-10-08
PO0933,2026-03-09,P0037,S03,135,128,2026-03-14
PO0934,2024-11-27,P0029,S05,314,314,2024-12-05
PO0935,2026-07-08,P0042,S02,546,530,2026-07-18
PO0936,2026-12-31,P0038,S05,428,425,2027-01-08
PO0937,2025-11-10,P0034,S04,600,600,2025-11-24
PO0938,2025-02-25,P0010,S03,328,305,2025-03-02
PO0939,2026-02-28,P0027,S04,331,325,2026-03-14
PO0940,2025-03-07,P0024,S01,502,488,2025-03-14
PO0941,2024-03-16,P0033,S02,216,198,2024-03-26
PO0942,2025-08-25,P0002,S05,504,493,2025-09-02
PO0943,2025-08-21,P0043,S04,365,345,2025-09-04
PO0944,2025-01-08,P0015,S03,306,286,2025-01-13
PO0945,2025-07-02,P0007,S05,378,365,2025-07-10
PO0946,2026-09-16,P0039,S05,194,177,2026-09-24
PO0947,2024-12-05,P0043,S04,340,340,2024-12-19
PO0948,2026-02-21,P0035,S02,191,167,2026-03-03
PO0949,2025-08-08,P0016,S05,541,522,2025-08-16
PO0950,2025-10-02,P0010,S03,301,300,2025-10-07
PO0951,2025-09-03,P0013,S01,129,110,2025-09-10
PO0952,2025-04-19,P0038,S05,102,83,2025-04-27
PO0953,2025-04-05,P0002,S05,260,257,2025-04-13
PO0954,2024-12-08,P0021,S02,565,561,2024-12-18
PO0955,2026-10-10,P0050,S01,117,93,2026-10-17
PO0956,2026-04-03,P0019,S03,342,320,2026-04-08
PO0957,2024-08-15,P0014,S05,236,213,2024-08-23
PO0958,2026-03-17,P0020,S05,398,395,2026-03-25
PO0959,2026-09-11,P0003,S01,579,563,2026-09-18
PO0960,2024-06-09,P0019,S03,427,417,2024-06-14
PO0961,2024-07-14,P0041,S02,421,417,2024-07-24
PO0962,2026-08-03,P0012,S01,428,404,2026-08-10
PO0963,2025-06-02,P0033,S02,319,303,2025-06-12
PO0964,2024-07-07,P0011,S04,338,316,2024-07-21
PO0965,2026-05-28,P0021,S02,248,226,2026-06-07
PO0966,2024-03-19,P0032,S02,412,403,2024-03-29
PO0967,2025-05-25,P0023,S05,161,137,2025-06-02
PO0968,2026-07-04,P0044,S05,556,554,2026-07-12
PO0969,2025-03-03,P0007,S05,272,250,2025-03-11
PO0970,2024-12-27,P0033,S02,109,87,2025-01-06
PO0971,2025-11-29,P0018,S01,283,270,2025-12-06
PO0972,2026-05-21,P0045,S04,351,337,2026-06-04
PO0973,2026-01-09,P0025,S05,470,445,2026-01-17
PO0974,2024-03-19,P0007,S05,468,462,2024-03-27
PO0975,2024-03-23,P0012,S01,286,268,2024-03-30
PO0976,2025-05-01,P0003,S01,176,170,2025-05-08
PO0977,2024-12-23,P0017,S02,522,515,2025-01-02
PO0978,2024-11-10,P0028,S01,340,319,2024-11-17
PO0979,2025-11-12,P0010,S03,456,433,2025-11-17
PO0980,2025-10-11,P0050,S01,549,531,2025-10-18
PO0981,2026-10-05,P0013,S01,228,205,2026-10-12
PO0982,2026-06-07,P0010,S03,558,534,2026-06-12
PO0983,2025-08-15,P0026,S02,417,408,2025-08-25
PO0984,2024-04-21,P0047,S03,467,459,2024-04-26
PO0985,2025-09-04,P0030,S01,395,393,2025-09-11
PO0986,2025-11-07,P0046,S05,277,256,2025-11-15
PO0987,2026-02-12,P0049,S04,195,190,2026-02-26
PO0988,2024-05-15,P0020,S05,306,285,2024-05-23
PO0989,2026-12-18,P0031,S01,578,564,2026-12-25
PO0990,2024-04-21,P0014,S05,440,439,2024-04-29
PO0991,2024-06-16,P0043,S04,249,229,2024-06-30
PO0992,2026-09-25,P0021,S02,106,87,2026-10-05
PO0993,2025-11-21,P0043,S04,571,570,2025-12-05
PO0994,2025-05-25,P0023,S05,230,221,2025-06-02
PO0995,2025-08-22,P0016,S05,432,424,2025-08-30
PO0996,2024-08-15,P0048,S01,450,436,2024-08-22
PO0997,2026-07-13,P0043,S04,269,249,2026-07-27
PO0998,2025-05-04,P0005,S05,547,524,2025-05-12
PO0999,2025-06-20,P0015,S03,233,213,2025-06-25
PO1000,2025-07-05,P0020,S05,347,323,2025-07-13
